<?xml version="1.0" encoding="UTF-8"?>
<project-private xmlns="http://www.netbeans.org/ns/project-private/1">
    <editor-bookmarks xmlns="http://www.netbeans.org/ns/editor-bookmarks/2" lastBookmarkId="0"/>
    <open-files xmlns="http://www.netbeans.org/ns/projectui-open-files/2">
        <group>
            <file>file:/C:/xampp/htdocs/job_portal/web/register.css</file>
            <file>file:/C:/xampp/htdocs/job_portal/web/home.html</file>
            <file>file:/C:/xampp/htdocs/job_portal/web/amazon.css</file>
            <file>file:/C:/xampp/htdocs/job_portal/web/about.html</file>
            <file>file:/C:/xampp/htdocs/job_portal/web/amazon1.jpg</file>
            <file>file:/C:/xampp/htdocs/job_portal/web/acme.gif</file>
            <file>file:/C:/xampp/htdocs/job_portal/web/job.html</file>
            <file>file:/C:/xampp/htdocs/job_portal/web/login.html</file>
            <file>file:/C:/xampp/htdocs/job_portal/web/amazon.html</file>
        </group>
    </open-files>
</project-private>
